endnote-6.924160584900246e+18	Abascal, M. C.	2016	Black-White Relations in the Wake of Hispanic Population Growth	Ph.D. Princeton University		endnote	
endnote-1.3948723506809487e+19	Abrams, D.	2004	The development of social identity: What develops?	The development of the social self. 291-312		endnote	
endnote-3.3468966188674417e+18	Acar, Y. G. & Uluğ, Ö. M.	2016	Examining prejudice reduction through solidarity and togetherness experiences among Gezi park activists in Turkey	Journal of Social and Political Psychology 4 166-179		endnote	
endnote-1.2414400758549938e+19	Acar, Y. G., Ulu, amp & g, Ö. M.	2016	Examining prejudice reduction through solidarity and togetherness experiences among Gezi Park activists in Turkey	Journal of Social and Political Psychology 4 166-179		endnote	
endnote-2.15095691360572e+18	Alexander Haslam, S.	2014	Making good theory practical: Five lessons for an Applied Social Identity Approach to challenges of organizational, health, and clinical psychology	British Journal of Social Psychology 53 1-20		endnote	
endnote-6.318494352545956e+17	Allen, J. M.	2014	The drive to be sexy: Belonging motivation and optimal distinctiveness in women's self-sexualization	Dissertation Abstracts International: Section B: The Sciences and Engineering 74 No-Specified		endnote	
endnote-6.622240539428751e+18	Alvarez-Betancourt, Y. & Garcia-Silvente, M.	2015	A keypoints-based feature extraction method for iris recognition under variable image quality conditions	Knowledge-Based Systems No-Specified		endnote	
endnote-1.7140817725986644e+19	Arbeids- en Organisatie, P., Horstmeier, C. A. L., Homan, A. C., Rosenauer, D. & Voelpel, S. C.	2016	Developing multiple identifications through different social interactions at work	VOLUME=25;ISSUE=6;STARTPAGE=928;ENDPAGE=944;ISSN=1359-432X;TITLE=European Journal of Work and Organizational Psychology 		endnote	
endnote-5.734251421584177e+18	Ariely, G.	2016	Global identification, xenophobia and globalisation: A cross-national exploration	International Journal of Psychology No-Specified		endnote	
endnote-1.3575730680184353e+19	Verde Arregoitia, L. D., Blomberg, S. P. & Fisher, D. O.	2013	Phylogenetic correlates of extinction risk in mammals: species in older lineages are not at greater risk	Proceedings. Biological sciences / The Royal Society 280 20131092-20131092		endnote	
endnote-1.0138246731058928e+19	Aumer-Ryan, K. V.	2008	Between two worlds: Consequences of dual-group membership among children	Dissertation Abstracts International: Section B: The Sciences and Engineering 69 3871		endnote	
endnote-3.7820059522229617e+18	Bagci, S. C. & Çelebi, E.	2018	Are your cross-ethnic friends ethnic and/or national group identifiers? The role of own and perceived cross-ethnic friend's identities on outgroup attitudes and multiculturalism	European Journal of Social Psychology 48 O36-O50		endnote	
endnote-8.056495348104432e+18	Bain, P. G.	2014	The structure and content of the human category, and its implications for understanding dehumanization	Humanness and dehumanization. 227-253		endnote	
endnote-1.3516101962116295e+19	Banker, B. S.	2003	Intergroup conflict and bias reduction in stepfamilies: A longitudinal examination of intergroup relations processes	Dissertation Abstracts International: Section B: The Sciences and Engineering 63 3974		endnote	
endnote-1.7260319811178447e+19	Banker, B. S., Gaertner, S. L., Dovidio, J. F., Houlette, M., Johnson, K. M. & Riek, B. M.	2003	Reducing stepfamily conflict: The importance of inclusive social identity	The Development of the Social Self 267-288 		endnote	
endnote-7.70945040191998e+17	Ben Barnes, J., Dickstein, B. D., Maguen, S., Neria, Y. & Litz, B. T.	2012	The distinctiveness of prolonged grief and posttraumatic stress disorder in adults bereaved by the attacks of September 11th	Journal of Affective Disorders 136 366-369		endnote	
endnote-2.52414944143812e+18	Baumeister, R. F., Ainsworth, S. E. & Vohs, K. D.	2015	Are groups more or less than the sum of their members? The moderating role of individual identification	Behavioral and Brain Sciences No-Specified		endnote	
endnote-1.031410850613193e+19	Beaton, A. M., Dovidio, J. F. & Léger, N.	2008	All in this together? Group representations and policy support	Journal of Experimental Social Psychology 44 808-817		endnote	
endnote-5.11609466897691e+18	Bernardo, F. & Palma-Oliveira, J. M.	2016	Identification with the neighborhood: Discrimination and neighborhood size	Self and Identity 15 579-598		endnote	
endnote-1.6612753778760245e+19	Berthold, A., Leicht, C., Methner, N. & Gaum, P.	2013	Seeing the world with the eyes of the outgroup The impact of perspective taking on the prototypicality of the ingroup relative to the outgroup	Journal of Experimental Social Psychology 49 1034-1041		endnote	
endnote-8.165524168335323e+18	Bianchi, M., Mummendey, A., Steffens, M. C. & Yzerbyt, V. Y.	2010	What do you mean by &quot;European&quot;? Evidence of spontaneous ingroup projection	Personality and Social Psychology Bulletin 36 960-974		endnote	
endnote-6.19950422774196e+18	Biermeier, C.		Retention of Minority Students in a Bridge Program: Student Perceptions on Their Successes and Challenges			endnote	
endnote-1.4784655202030365e+19	Billings, L. S.	2000	Multiple social categorization: Perceiving the many faces of social reality	Dissertation Abstracts International: Section B: The Sciences and Engineering 60 4298		endnote	
endnote-2.1834048796037714e+18	Bjoerklund, A., Baumgarten, H. G., Lachenmayer, L. & Rosengren, E.	1975	RECOVERY OF BRAIN NORADRENALINE AFTER 5 7 DI HYDROXY TRYPTAMINE INDUCED AXONAL LESIONS IN THE RAT	Cell and Tissue Research 161 145-155		endnote	
endnote-5.341940014992105e+18	Blanz, M., Piontkowski, U., Florack, A. & Rohmann, A.	2003	When people belong to more than one group: A fit-based approach to multiple categorization	Trends in Social Psychology 37-70		endnote	
endnote-9.539676116552284e+18	Bless, H., Igou, E. R., Schwarz, N. & Wänke, M.	2000	Reducing context effects by adding context information: The direction and size of context effects in political judgment	Personality and Social Psychology Bulletin 26 1036-1045		endnote	
endnote-6.582475110674297e+18	Bluth, K. & Blanton, P. W.	2014	Erratum to: "Mindfulness and self-compassion: Exploring pathways to adolescent emotional well-being."	Journal of Child and Family Studies 23 1313-1314		endnote	
endnote-7.819023945091973e+17	Boos, J., Aissa, J., Lanzman, R. S., Heusch, P., Schimmoeller, L., Schleich, C., Thomas, C., Antoch, G. & Kroepil, P.	2016	CT angiography of the aorta using 80kVp in combination with sinogram-affirmed iterative reconstruction and automated tube current modulation: Effects on image quality and radiation dose	Journal of Medical Imaging and Radiation Oncology 60 187-193		endnote	
endnote-8.118379189229629e+18	Booth, S. E.	2012	Cultivating knowledge sharing and trust in online communities for educators: A multiple-case study	Dissertation Abstracts International Section A: Humanities and Social Sciences 72 3229		endnote	
endnote-9.385734605812564e+18	Breen, A.	2011	Multiple social categorization and the perception of multiple social identities through the lens of intersectionality	241		endnote	
endnote-1.0284945649618428e+19	Breen, A. B.	2011	Multiple social categorization and the perception of multiple social identities through the lens of intersectionality	Dissertation Abstracts International: Section B: The Sciences and Engineering 71 7141		endnote	
endnote-5.8668971795734e+18	Brewer, M. B.	2001	The social self: On being the same and different at the same time	Intergroup relations: Essential readings. 245-253		endnote	
endnote-7.278173174283309e+18	Brewer, M. B.	2000	The social self: On being the same and different at the same time	Motivational science: Social and personality perspectives. 50-59		endnote	
endnote-7.423927710397895e+18	Brewer, M. B.	2008	Social identity and close relationships	Social Relationships: Cognitive, Affective, and Motivational Processes 167-183 		endnote	
endnote-1.3436412148374667e+19	Brewer, M. B.	2009	Motivations underlying ingroup identification: Optimal distinctiveness and beyond	Intergroup Relations: The Role of Motivation and Emotion 3-22 		endnote	
endnote-1.9336575355331686e+18	Brewer, M. B.	2011	Identity and conflict	Intergroup Conflicts and Their Resolution: A Social Psychological Perspective 125-144 		endnote	
endnote-1.7853099707491318e+19	Brito, R., Waldzus, S., Sekerdej, M. & Schubert, T.	2011	Corrigendum: The contexts and structures of relating to others: How memberships in different types of groups shape the construction of interpersonal relationships	Journal of Social and Personal Relationships 28 575		endnote	
endnote-1.489469346701492e+19	Broly, P., Mullier, R., Devigne, C. & Deneubourg, J.-L.	2015	Evidence of self-organization in a gregarious land-dwelling crustacean (isopoda: Oniscidea)	Animal Cognition No-Specified		endnote	
endnote-6.036674942002862e+18	Brown, R. & Zagefka, H.	2008	Ingroup Affiliations and Prejudice	On the Nature of Prejudice: Fifty Years after Allport 54-70 		endnote	
endnote-1.2825720108135676e+19	Burger, C.	2012	Can attitudes toward immigrants be shaped using a prime?	Dissertation Abstracts International: Section B: The Sciences and Engineering 72 7080		endnote	
endnote-1.338180664797065e+19	Buyan Dent, L. J., McCasland, J. S. & Stelzner, D. J.	1996	Attempts to facilitate dorsal column axonal regeneration in a neonatal spinal environment	Journal of Comparative Neurology 372 435-456		endnote	
endnote-1.569603400479117e+19	Çakal, H., Eller, A., Sirlopú, D. & Pérez, A.	2016	Intergroup Relations in Latin America: Intergroup Contact, Common Ingroup Identity, and Activism among Indigenous Groups in Mexico and Chile	Journal of Social Issues 72 355-375		endnote	
endnote-8.126165424767857e+18	Cameron, J.	2005	The relationship between ethnic and national identification in a multicultural society	169		endnote	
endnote-5.107333703501363e+18	Cantone, J. A.	2011	Religion at work: Evaluating hostile work environment religious discrimination claims	Ph.D. The University of Nebraska - Lincoln		endnote	
endnote-9.029865518121388e+18	Capozza, D., Vezzali, L., Trifiletti, E. T., Falvo, R. & Favara, I.	2010	Improving intergroup relationships within and outside the contact situation: The role of common ingroup identity and emotions of empathy and anxiety	Special Issue: Studies on intergroup contact. 17 17-36		endnote	
endnote-3.7669054482893455e+18	Carter, N. A.	2006	Political institutions and multiple social identities	Multiple Social Categorization: Processes, Models and Applications 239-268		endnote	
endnote-1.2106658723084534e+19	Castelo Branco de Albuquerque Almeida, J. M.	2011	Unconscious processes reveal different circuits for visual object recognition	Dissertation Abstracts International: Section B: The Sciences and Engineering 72 2453		endnote	
endnote-1.8055613473207878e+19	Deckman, M.	2013	Review of Religious rhetoric and American politics: The endurance of civil religion in electoral campaigns	Journal for the Scientific Study of Religion 52 652-653		endnote	
endnote-1.4313348832331198e+19	Chen, S. X., Guan, Y. & Hui, C. M.	2012	Responding to news about a natural disaster: The interplay of group identification and social cynicism in perceived prototypicality	International Journal of Intercultural Relations 36 586-597		endnote	
endnote-3.1784507422628516e+18	Cheng, A. S.	2000	Who's in place, who's out of place: Examining the politics of natural resource collaboration	Dissertation Abstracts International: Section B: The Sciences and Engineering 61 610		endnote	
endnote-1.3429105392454212e+19	Cheung, C. K. & Leung, K. K.	2008	Ways by which comparable income affects life satisfaction in Hong Kong	Social Indicators Research 87 169-187		endnote	
endnote-3.0634222657382605e+17	Porto Chiavegatto Filho, A. D. & Laurenti, R.	2013	Racial/ethnic disparities in self-rated health: a multilevel analysis of 2,697 individuals in 145 Brazilian municipalities	Cadernos De Saude Publica 29 1572-1582		endnote	
endnote-1.4589702461472565e+19	Chiu, C. Y. & Hong, Y. Y.	1999	Social identification in a political transition: The role of implicit beliefs	International Journal of Intercultural Relations 23 297-318		endnote	
endnote-6.866802341059322e+18	Christopher Cohrs, J., McNeill, A. & Vollhardt, J. R.	2015	The two-sided role of inclusive victimhood for intergroup reconciliation: Evidence from Northern Ireland	Peace and Conflict 21 634-647		endnote	
endnote-8.144669369795744e+18	Chryssochoou, X.	2000	Memberships in superordinate level: Re-thinking European union as a multi-national society	Special Issue: Social changes in globalised societies and the redefinition of identities: Social psychological perspectives. 10 403-420		endnote	
endnote-5.986410386492439e+18	Compton, A.	1998	An investigation of anxious thought in patients with DSM-IV agoraphobia panic disorder: Rationale and design	Journal of the American Psychoanalytic Association 46 691-721		endnote	
endnote-1.825361519334855e+19	Costello, K. & Hodson, G.	2010	Exploring the roots of dehumanization: The role of animal--human similarity in promoting immigrant humanization	Group Processes & Intergroup Relations 13 3-22		endnote	
endnote-1.1604508759667694e+19	Costello, K. & Hodson, G.	2010	"Exploring the roots of dehumanization: The role of animal-human similarity in promoting immigrant humanization": Erratum	Group Processes & Intergroup Relations 13 397		endnote	
endnote-3.988602541017735e+18	Coursey, L. E.	2016	An experimental test of the reformulated contact model	Dissertation Abstracts International Section A: Humanities and Social Sciences 77 No-Specified		endnote	
endnote-1.1087280261741128e+19	Crawford, M. T.	2003	Strategic self-categorization as a self-evaluation maintenance strategy	Dissertation Abstracts International: Section B: The Sciences and Engineering 63 6140		endnote	
endnote-5.721744608106578e+18	Cress, U., Schwämmlein, E., Wodzicki, K. & Kimmerle, J.	2014	Searching for the perfect fit: The interaction of community type and profile design in online communities	Computers in Human Behavior 38 313-321		endnote	
endnote-1.5543610852625955e+19	Crisp, R. J.	2002	Social categorisation - Blurring the boundaries	Psychologist 15 612-615		endnote	
endnote-4.9455101928052736e+17	Crisp, R. J.	2006	Commitment and categorization in common ingroup contexts	Multiple Social Categorization: Processes, Models, and Applications 90-111 		endnote	
endnote-3.1383564848287805e+18	Crisp, R. J. & Farr, M. J.	2004	Moderation of intergroup memory bias crossed categorization	Current Research in Social Psychology 9 1-11		endnote	
endnote-5.659333637790091e+18	Crisp, R. J. & Hewstone, M.	2006	Multiple social categorization: Context, process, and social consequences	Multiple Social Categorization: Processes, Models, and Applications 3-22 		endnote	
endnote-1.5433762092091128e+19	Crisp, R. J. & Hewstone, M.	2007	Multiple social categorization	Advances in experimental social psychology, Vol 39. 163-254		endnote	
endnote-9.970556222087213e+18	Crisp, R. J. & Hewstone, M.	2007	Multiple Social Categorization	Advances in Experimental Social Psychology 163-254		endnote	
endnote-1.1598503004061983e+19	Cunningham, G. B.	2002	Diversity and recategorization: Examining the effects of cooperation on bias and work outcomes	Dissertation Abstracts International Section A: Humanities and Social Sciences 63 1288		endnote	
endnote-1.3999195782022973e+19	Curtis, K. A.	2014	The psychology of political-territorial identification	Dissertation Abstracts International Section A: Humanities and Social Sciences 74 No-Specified		endnote	
endnote-1.5931290001571269e+19	Davis, A. E.	2004	The diversity management model: An examination of the influence of identification patterns and fair as well as unfair treatment on successful ethnic minority engagement	Dissertation Abstracts International: Section B: The Sciences and Engineering 65 1595		endnote	
endnote-3.141765224029184e+17	Del Carmen Triana, M., Porter, C. O. L. H., Degrassi, S. W. & Bergman, M.	2013	We're all in this together...except for you: The effects of workload, performance feedback, and racial distance on helping behavior in teams	Journal of Organizational Behavior 34 1124-1144		endnote	
endnote-1.00443939440268e+19	Demoulin, S., Cortes, B. P., Viki, T. G., Rodriguez, A. P., Rodriguez, R. T., Paladino, M. P. & Leyens, J. P.	2009	The role of in-group identification in infra-humanization	International Journal of Psychology 44 4-11		endnote	
endnote-1.1037507598793462e+18	Denson, N.	2009	Do curricular and cocurricular diversity activities influence racial bias? a meta-analysis	Review of Educational Research 79 805-838		endnote	
endnote-1.860733409105322e+18	Devine, C. J.	2015	Ideological Social Identity: Psychological Attachment to Ideological In-Groups as a Political Phenomenon and a Behavioral Influence	Political Behavior 37 509-535		endnote	
endnote-3.1846056988792504e+18	Dovidio, J. F., Gaertner, S. L., Hodson, G., Houlette, M. A. & Johnson, K. M.	2004	Social inclusion and exclusion: Recategorization and the perception of intergroup boundaries	Social Psychology of Inclusion and Exclusion 245-264 		endnote	
endnote-1.588648389544206e+19	Dovidio, J. F., Gaertner, S. L., Hodson, G., Riek, B. M., Johnson, K. M. & Houlette, M.	2006	Recategorization and crossed categorization: The implications of group salience and representations for reducing bias	Multiple Social Categorization: Processes, Models, and Applications 65-89 		endnote	
endnote-9.271359563035492e+18	Dovidio, J. F., Gaertner, S. L. & Kafati, G.	2000	Group identity and intergroup relations The common in-group identity model	Advances in Group Processes 1-35		endnote	
endnote-4.2041021048632525e+18	Dovidio, J. R., Gaertner, S. L. & Kawakami, K.	2003	Intergroup contact: The past, present, and the future	Group Processes & Intergroup Relations 6 5-21		endnote	
endnote-8.355114261442898e+18	Dovidio, J. F., Gaertner, S. L. & Saguy, T.	2009	Commonality and the complexity of gweg social attitudes and social change	Personality and Social Psychology Review 13 3-20		endnote	
endnote-1.3126762587093645e+19	Dovidio, J. F., Gaertner, S. L., Shnabel, N., Saguy, T. & Johnson, J.	2010	Recategorization and prosocial behavior: Common in-group identity and a dual identity	The psychology of prosocial behavior: Group processes, intergroup relations, and helping. 191-207		endnote	
endnote-8.142221546266552e+18	Dovidio, J. F., Saguy, T., Ufkes, E. G., Scheepers, D. & Gaertner, S. L.	2015	Inclusive identity and the psychology of political change	Social Psychology and Politics 289-306 		endnote	
endnote-6.802451662558499e+18	Psychology of Conflict, R., Safety, Dovidio, J. F., Saguy, T., Ufkes, E. G., Scheepers, D. & Gaertner, S. L.	2015	Inclusive identity and the psychology of political change			endnote	
endnote-1.3082080170427146e+19	Druckman, D. & Olekalns, M.	2014	"Motivational primes, trust, and negotiators' reaction to crisis": Corrigendum	Journal of Conflict Resolution 58 197		endnote	
endnote-1.3720858490142407e+19	Drury, L., Abrams, D., Swift, H. J., Lamont, R. A. & Gerocova, K.	2016	Can caring create prejudice? An investigation of positive and negative intergenerational contact in care settings and the generalisation of blatant and subtle age prejudice to other older people	Journal of Community & Applied Social Psychology No-Specified		endnote	
endnote-2.4174420440380334e+18	Dumont, M., Yzerbyt, V. Y., Wigboldus, D. H. J. & Gordijn, E. H.	2003	Social categorization and fear reactions to the September 11th terrorist attacks	VOLUME=29;STARTPAGE=1509;ENDPAGE=1520;ISSN=0146-1672;TITLE=Personality and Social Psychology Bulletin 		endnote	
endnote-1.1904312945309268e+19	Duprez, V., Van Hooft, S. M., Dwarswaard, J., van Staa, A., Van Hecke, A. & Strating, M. M. H.	2016	"The development and psychometric validation of the Self-Efficacy and Performance in Self-management Support (SEPSS) instrument": Corrigendum	Journal of Advanced Nursing 72 2567		endnote	
endnote-8.107377968701788e+17	Dust, S. B. & Ziegert, J. C.	2015	Multi-leader teams in review: A contingent-configuration perspective of effectiveness	International Journal of Management Reviews No-Specified		endnote	
endnote-1.766465873833466e+19	Eller, A. & Abrams, D.	2004	Come together: longitudinal comparisons of Pettigrew's reformulated intergroup contact model and the Common Ingroup Identity Model in Anglo-French and \Mexican-American contexts	European Journal of Social Psychology 34 229-256		endnote	
endnote-7.63326332524014e+18	Eller, A. & Abrams, D.	2005	A people's entente cordiale? The role of implicit attitude in the relationship between English-French contact, levels of categorization, and explicit intergroup attitudes	Current Research in Social Psychology 11 92-110		endnote	
endnote-9.733015791014263e+18	Eller, A. & Abrams, D.	2006	A people's &quot;entente cordiale&quot;? The role of implicit attitude in the relationship between English-French contact, levels of categorization, and explicit intergroup attitudes	Current Research in Social Psychology - An Electronic Journal 11 92-110		endnote	
endnote-1.5028568684389044e+19	Ensari, N., Kenworthy, J. B., Urban, L., Canalas, C. J., Vasquez, E., Kim, D. & Miller, N.	2004	Negative Affect and Political Sensitivity in Crossed Categorization: Self-Reports versus EMG	Group Processes & Intergroup Relations 7 55-75		endnote	
endnote-8.891129320741732e+18	Ensari, N. & Miller, N.	2001	Decategorization and the reduction of bias in the cross categorization paradigm	European Journal of Social Psychology 31 193-216		endnote	
endnote-5.984350513510717e+18	Esses, V. M., Dovidio, J. F., Semenya, A. H. & Jackson, L. M.	2004	Attitudes toward immigrants and immigration: The role of national and international identity	Social Psychology of Inclusion and Exclusion 317-337 		endnote	
endnote-1.7664284352043889e+19	Farmer, S. M., Frank Barton, W., Van Dyne, L. & Kamdar, D.	2015	The contextualized self: How team-member exchange leads to coworker identification and helping OCB	Journal of Applied Psychology 100 583-595		endnote	
endnote-9.590598324523717e+18	Feddes, A. R., Mann, L., Doosje, B. & Sociale, P.	2015	Increasing self-esteem and empathy to prevent violent radicalization: a longitudinal quantitative evaluation of a resilience training focused on adolescents with a dual identity	VOLUME=45;ISSUE=7;STARTPAGE=400;ENDPAGE=411;ISSN=0021-9029;TITLE=Journal of Applied Social Psychology 		endnote	
endnote-2.5576821845085696e+18	Ferrier, L., Staudt, A., Reilhac, G., Jimenez, M. & Brouillet, D.	2009	"The influence of typical object size in a categorization task": Correction	"L'influence de la taille typique des objets dans une tache de categorisation": Correction. 63 32		endnote	
endnote-1.1179460535770518e+19	Fisher, E. L.	2012	Community and prejudice: Relationships among social capital, intergroup contact, group categorization, and racial attitudes	Dissertation Abstracts International: Section B: The Sciences and Engineering 72 6440		endnote	
endnote-1.2113172083727874e+19	Fiske, S. T. & Lee, T. L.	2008	Stereotypes and prejudice create workplace discrimination	Diversity at Work 13-52 		endnote	
endnote-8.968980109997371e+18	Fleischmann, F. & Phalet, K.	2015	Identity conflict or compatibility: A comparison of muslim minorities in five european cities	Political Psychology No-Specified		endnote	
endnote-1.1368064809787791e+19	Floyd, K. & Morman, M. T.	 2014	Widening the family circle: New research on family communication, second edition			endnote	
endnote-1.6819929404456708e+19	Flynn, F. J., Chatman, J. A. & Spataro, S. E.	2001	Getting to know your: The influence of personality on impressions and performance of demographically different people in organizations	Administrative Science Quarterly 46 414-442		endnote	
endnote-4.44915443570808e+18	Gaertner, S. L. & Dovidio, J. F.	 2005	Categorization, Recategorization, and Intergroup Bias			endnote	
endnote-2.2686979598735585e+18	Gaertner, S. L. & Dovidio, J. F.	2008	Categorization, Recategorization, and Intergroup Bias	On the Nature of Prejudice: Fifty Years after Allport 71-88 		endnote	
endnote-1.320776688025424e+18	Gaertner, S. L. & Dovidio, J. F.	2008	Addressing contemporary racism: The common ingroup identity model	Motivational aspects of prejudice and racism. 111-133		endnote	
endnote-1.3970837562468037e+19	Gaertner, S. L. & Dovidio, J. F.	2008	Addressing contemporary racism: The common ingroup identity model	Motivational Aspects of Prejudice and Racism 111-133 		endnote	
endnote-2.032142947503958e+18	Gaertner, S. L. & Dovidio, J. F.	2012	The common ingroup identity model	Handbook of theories of social psychology (Vol 2). 439-457		endnote	
endnote-1.4239544723527641e+19	Gaertner, S. L., Dovidio, J. F., Guerra, R., Hehman, E. & Saguy, T.	2015	A common ingroup identity: Categorization, identity, and intergroup relations	Handbook of Prejudice, Stereotyping, and Discrimination: Second Edition 433-454 		endnote	
endnote-7.832190307836393e+18	Gaertner, S. L., Rust, M. C., Mottola, G. R., Dovidio, J. F., Nier, J. A., Banker, B. S., Ward, C. M. & Houlette, M.	1999	Reducing intergroup bias: Elements of intergroup cooperation	Journal of Personality and Social Psychology 76 388-402		endnote	
endnote-1.9661022330017341e+18	Gaertner, S. L., Mann, J., Murrell, A. & Dovidio, J. F.	2001	Reducing intergroup bias: The benefits of recategorization	Intergroup relations: Essential readings. 356-369		endnote	
endnote-6.448923947804504e+18	Gaertner, S. L., Mann, J. A., Dovidio, J. F., Murrell, A. J. & Pomare, M.	2000	How does cooperation reduce intergroup bias?	Stereotypes and prejudice: Essential readings. 435-450		endnote	
endnote-1.4292232125717172e+19	Gaertner, S. L., Rust, M. C., Bachman, B. A., Anastasio, P. A. & Dovidio, J. F.	1994	The contact hypothesis: The Role of a Common Ingroup Identity on Reducing Intergroup Bias	Small Group Research 25 224-249		endnote	
endnote-6.663763307379098e+16	Garcia, S. M.	2002	Social categories and intergroup preference disputes: The aversion to winner-take-all solutions	Dissertation Abstracts International: Section B: The Sciences and Engineering 63 586		endnote	
endnote-9.217954209890996e+18	Gocłowska, M. A. & Crisp, R. J.	2014	How dual-identity processes foster creativity	Review of General Psychology 18 216-236		endnote	
endnote-1.106324165073401e+19	Goldstein, N. J. & Cialdini, R. B.	2006	The spyglass self: A theory of vicarious self-perception	189		endnote	
endnote-6.090317927672302e+18	Gómez, Á., Dovidio, J. F., Huici, C., Gaertner, S. L. & Cuadrado, I.	2008	The other side of we: When outgroup members express common identity	Personality and Social Psychology Bulletin 34 1613-1626		endnote	
endnote-5.446214884065124e+18	González, R. & Brown, R.	2003	Generalization of positive attitude as a function of subgroup and superordinate group identifications in intergroup contact	European Journal of Social Psychology 33 195-214		endnote	
endnote-1.1982657071129383e+19	González, R. & Brown, R.	2006	Dual identities in intergroup contact: Group status and size moderate the generalization of positive attitude change	Journal of Experimental Social Psychology 42 753-767		endnote	
endnote-1.4946925454223272e+19	Goode, C. & Smith, H. J.	2016	y Retribution or restoration: symbolic justice concerns shape how victim group members react to intergroup transgressions	Current Opinion in Psychology 11 105-109		endnote	
endnote-1.2225693995251487e+19	Goyle, A.	2014	The crossed-categorization approach to reducing racial prejudice: An investigation of the mechanism and methodological limitations of a novel mixed-race paradigm	Dissertation Abstracts International: Section B: The Sciences and Engineering 74 No-Specified		endnote	
endnote-4.9694866415527526e+17	Greene, B.	2000	Beyond heterosexualism and across the cultrual divide: Developing an inclusive lesbain, gay, and bisexual psychology: A look to the future	Education, research, and practice in lesbian, gay, bisexual, and transgendered psychology: A resource manual, Vol. 5. 1-45		endnote	
endnote-2.1564480447954555e+18	Greenwood, R. M.	2005	A model of multicultural solidarity: The roles of identification and consciousness in intergroup cohesiveness among members of women's social change organizations	Dissertation Abstracts International: Section B: The Sciences and Engineering 66 1783		endnote	
endnote-1.4087285107090442e+19	Grefe, D.	2007	Patch where it hurts: Towards a "glocal" didactic of interreligious encounters in spiritual care and counseling	Dissertation Abstracts International Section A: Humanities and Social Sciences 68 1996		endnote	
endnote-8.671783163655537e+18	Michael Greig, J. & Diehl, P. F.	2006	Softening up: Making conflicts more amenable to diplomacy	International Interactions 32 355-384		endnote	
endnote-5.696238873806795e+18	Guan, Y., Verkuyten, M., Fung, H. H. L., Bond, M. H., Chen, S. X. & Chan, C. C. H.	2011	Out-group value incongruence and intergroup attitude: The roles of common identity and multiculturalism	International Journal of Intercultural Relations 35 377-385		endnote	
endnote-7.932203627579351e+17	Guerra, R., Rodrigues, D., Gaertner, S. L., Deegan, M. & António, R.	2016	The Functional and Identity Indispensability Scale (FIIS)	International Journal of Intercultural Relations 54 34-46		endnote	
endnote-2.0987928396267008e+18	Gulevich, O. A. & Agadullina, E. R.	2013	"Multiple" I: Cognitive models of intergroup connections improvement	Voprosy Psikhologii 102-+		endnote	
endnote-9.732634170532332e+17	Unzueta, M. M. & Gutierrez, A. S.	2011	The effect of interethnic ideologies on the likability of stereotypic vs. counterstereotypic minority targets	99		endnote	
endnote-1.3469878981760936e+19	Ingrid Johnsen, H., Baker, M. N. & Gonzalez, F. J.	2017	Who Can Deviate from the Party Line? Political Ideology Moderates Evaluation of Incongruent Policy Positions in Insula and Anterior Cingulate Cortex	Social Justice Research 30 355-380		endnote	
endnote-1.5370849935553528e+19	Haley, H.	2006	Self-enhancement and ingroup bias: How and why they intertwine	Dissertation Abstracts International: Section B: The Sciences and Engineering 66 6333		endnote	
endnote-6.1425854270469e+18	Hammack, P. L.	2007	The narrative stalemate: Conflict, identity and the cultural psychology of Israeli and Palestinian adolescence	Dissertation Abstracts International: Section B: The Sciences and Engineering 67 6771		endnote	
endnote-1.3726399918540489e+19	Han, M., Kim, H. G., Lee, J. D., Park, S. Y. & Sur, Y. K.	2017	Conversion and reliability of two urological grading systems in infants: the Society for Fetal Urology and the urinary tract dilatation classifications system	Pediatric Radiology 47 65-73		endnote	
endnote-1.3295507260119374e+19	Hancock, L. E.	2003	Peace from the people: Identity salience and the Northern Irish peace process	Ph.D. George Mason University		endnote	
endnote-3.6678017310773084e+18	Harewood, E. A.	2014	Leaders' behavior and workers' social identity: "Alternative ways of leading and being in organizations"	Dissertation Abstracts International Section A: Humanities and Social Sciences 74 No-Specified		endnote	
endnote-1.179344926434672e+19	Heinze, H. J., Muente, T. F. & Kutas, M.	1998	Context effects in a category verification task as assessed by event-related brain potential (ERP) measures	Biological Psychology 47 121-135		endnote	
endnote-1.6271107883965241e+19	Hermann, M. G.	1998	One field, many perspectives: Building the foundations for dialogue - 1998 ISA presidential address	International Studies Quarterly 42 605-624		endnote	
endnote-3.3079290556528333e+18	Hernandez, C. M.	2018	The relationship between corporate training based on the ingroup identity model and levels of superordinate identity, intergroup trust and intergroup communication during a merger and acquistion process	Dissertation Abstracts International: Section B: The Sciences and Engineering 78 No-Specified		endnote	
endnote-1.2222871410164185e+19	Hersh, M. A.	2011	Barriers to ethical behaviour and stability: Stereotyping and scapegoating as pretexts for avoiding responsibility	IFAC Proceedings Volumes (IFAC-PapersOnline)		endnote	
endnote-6.307320150025052e+18	Hewstone, M., Rubin, M. & Willis, H.	2002	Intergroup bias	Annual Review of Psychology 575-604 		endnote	
endnote-1.4863302755741305e+19	Hewstone, M., Rubin, M. & Willis, H.	2002	Intergroup bias	Annual Review of Psychology 53 575-604		endnote	
endnote-1.767090200146329e+19	Hewstone, M., Turner, R. N., Kenworthy, J. B. & Crisp, R. J.	2006	Multiple social categorization: Integrative themes and future research priorities	Multiple Social Categorization: Processes, Models, and Applications 271-310 		endnote	
endnote-3.329821243971627e+18	Hodson, G. & Hewstone, M.	 2013	Advances in intergroup contact Introduction			endnote	
endnote-1.6194418372654615e+19	Hofhuis, J., van der Zee, K. I., Otten, S. & Interpersonal, b.	2012	Social identity patterns in culturally diverse organizations: The role of diversity climate	VOLUME=42;ISSUE=4;STARTPAGE=964;ENDPAGE=989;TITLE=Journal of Applied Social Psychology 		endnote	
endnote-1.0534284986214318e+18	Hogg, M. A. & Hornsey, M. J.	2006	Self-concept threat and multiple categorization within groups	Multiple Social Categorization: Processes, Models and Applications 112-135		endnote	
endnote-4.444508365540569e+18	Homan, A. C., Hollenbeck, J. R., Humphrey, S. E., van Knippenberg, D., Ilgen, D. R., van Kleef, G. A. & Sociale, P.	2008	Facing differences with an open mind: Openness to experience, salience of intra-group differences, and performance of diverse work groups	VOLUME=51;ISSUE=6;STARTPAGE=1204;ENDPAGE=1222;ISSN=0001-4273;TITLE=Academy of Management Journal 		endnote	
endnote-8.30943531986195e+18	Houlette, M., Gaertner, S. L., Johnson, K. M., Banker, B. S., Riek, B. M. & Dovidio, J. F.	2004	Developing a More Inclusive Social Identity: An Elementary School Intervention	2-pp		endnote	
endnote-1.507713959624499e+19	Houlette, M. A.	2004	Maximizing the benefits of diversity: Effects of group boundaries, time pressure, and task type on bias and group decision effectiveness	Dissertation Abstracts International: Section B: The Sciences and Engineering 64 4109		endnote	
endnote-6.818607325708581e+18	Huo, Y. J., Smith, H. J., Tyler, T. R. & Lind, E. A.	1996	Superordinate Identification, Subgroup Identification, and Justice Concerns: Is Separatism the Problem; Is Assimilation the Answer?	Psychological Science 7 40-45		endnote	
endnote-1.7333744647332086e+19	Huynh, Q. L., Devos, T. & Altman, H. R.	2015	Boundaries of American Identity: Relations Between Ethnic Group Prototypicality and Policy Attitudes	Political Psychology 36 449-468		endnote	
endnote-2.509713106756315e+18	Im, S., Montoya, M. M. & Workman Jr, J. P.	2013	Antecedents and consequences of creativity in product innovation teams	Journal of Product Innovation Management 30 170-185		endnote	
endnote-7.535039639326953e+18	Imhoff, R., Dotsch, R., Bianchi, M., Banse, R. & Wigboldus, D. H. J.	2011	Facing Europe: Visualizing spontaneous ingroup projection	VOLUME=22;STARTPAGE=1583;ENDPAGE=1590;ISSN=0956-7976;TITLE=Psychological Science 		endnote	
endnote-1.6082416933144166e+19	Jaśko, K. & Kossowska, M.	2013	The impact of superordinate identification on the justification of intergroup inequalities	European Journal of Social Psychology 43 255-262		endnote	
endnote-1.364027942184786e+19	Johnson, K. J.	2006	Erasing race: Positive emotions eliminate recognition differences between own-race and other-race faces	Dissertation Abstracts International: Section B: The Sciences and Engineering 66 5731		endnote	
endnote-2.485081793193435e+18	Johnson, K. J. & Fredrickson, B. L.	2005	We all look the same to Mepositive emotions eliminate the own-race bias in face recognition	Psychological Science 16 875-881		endnote	
endnote-5.667698890318731e+18	Joran, R.	2013	Earned security within an attachment intervention: A new three-dimensional attachment framework	Dissertation Abstracts International: Section B: The Sciences and Engineering 73 No-Specified		endnote	
endnote-1.3757508405832765e+19	Jung, J., Hogg, M. A. & Choi, H.-S.	2015	Reaching across the dmz: Identity uncertainty and reunification on the korean peninsula	Political Psychology No-Specified		endnote	
endnote-6.568454251935988e+18	Kacperczyk, A. & Younkin, P.	2017	The Paradox of Breadth: The Tension between Experience and Legitimacy in the Transition to Entrepreneurship*	Administrative Science Quarterly 62 731-764		endnote	
endnote-1.515301237803798e+19	Kahn, J., Grupp, U., Kaul, D., Boening, G., Lindner, T. & Streitparth, F.	2016	Computed tomography in trauma patients using iterative reconstruction: reducing radiation exposure without loss of image quality	Acta Radiologica 57 362-369		endnote	
endnote-1.2663266593744011e+19	Kanadl, S. B. a., Torchia, M. & Gabaldon, P.	2017	Increasing women's contribution on board decision making: The importance of chairperson leadership efficacy and board openness	European Management Journal No-Specified		endnote	
endnote-1.5544176394458593e+19	Kanadlı, S. B., Torchia, M. & Gabaldon, P.	2018	Increasing women's contribution on board decision making: The importance of chairperson leadership efficacy and board openness	European Management Journal 36 91-104		endnote	
endnote-9.956137181842917e+18	Kanas, A. & Martinovic, B.	2016	Political action in conflict and nonconflict regions in indonesia: The role of religious and national identifications	Political Psychology No-Specified		endnote	
endnote-1.2795334171342117e+19	Kang, S. K. & Bodenhausen, G. V.	2015	Multiple identities in social perception and interaction: Challenges and opportunities	Annual Review of Psychology 66 547-574		endnote	
endnote-8.22311177562574e+18	Kang, S. K. & Bodenhausen, G. V.	2015	Multiple Identities in Social Perception and Interaction: Challenges and Opportunities	Annual Review of Psychology, Vol 66 547-574 		endnote	
endnote-6.51372440455178e+18	Karafantis, D. M.	2005	The impact of colorblind principles on the social attitudes of college students	Dissertation Abstracts International: Section B: The Sciences and Engineering 65 4897		endnote	
endnote-1.4776028895742587e+19	Kaul, D., Kahn, J., Huizing, L., Wiener, E., Grupp, U., Boening, G., Ghadjar, P., Renz, D. M. & Streitparth, F.	2016	Reducing Radiation Dose in Adult Head CT using Iterative Reconstruction - A Clinical Study in 177 Patients	Rofo-Fortschritte Auf Dem Gebiet Der Rontgenstrahlen Und Der Bildgebenden Verfahren 188 155-162		endnote	
endnote-1.2944744622581322e+19	Kessler, T., Mummendey, A., Funke, F., Brown, R., Binder, J., Zagefka, H., Leyens, J., Demoulin, S. & Maquil, A.	2010	We all live in Germany but ... Ingroup projection, group-based emotions and prejudice against immigrants	European Journal of Social Psychology 40 985-997		endnote	
endnote-7.905622684576995e+18	Kilker, J. A.	1999	Networking identity: A case study examining social interactions and identity in the early development of e-mail technology. (email)	Dissertation Abstracts International Section A: Humanities and Social Sciences 60 0922		endnote	
endnote-1.2545715116085651e+19	Kim, J. H., Kim, J. & Park, H. S.	2016	Model Comparison in Group Decision Making: Effects of the Visual Cue Conditions on Social Identification Process and Compensatory Nonconformity Process	Communication Research 43 159-179		endnote	
endnote-1.0296882413129425e+19	Kinzel, M. R.	1998	Toward a better understanding of social identity: Exploring linkages with agency and communion	Dissertation Abstracts International: Section B: The Sciences and Engineering 58 6869		endnote	
endnote-1.7369086367515927e+19	Kjeldsen, L. J., Birkholm, T., Fischer, H., Graabæk, T., Hansen, M. K., Kibsdal, K. P., Ravn-Nielsen, L. V. & Truelshøj, T. H.	2014	A national drug related problems database: Evaluation of use in practice, reliability and reproducibility	International Journal of Clinical Pharmacy 36 742-749		endnote	
endnote-9.888676924554486e+17	Klandermans, P. G., Sociology, Social, C. & Conflict	2014	Identity politics and politicized identities: Identity processes and the dynamics of protest	VOLUME=35;ISSUE=1;STARTPAGE=1;ENDPAGE=22;ISSN=0162-895X;TITLE=Political Psychology 		endnote	
endnote-4.3781535997633946e+17	Koenen, C., Pusch, R., Broeker, F., Thiele, S. & Guentuerkuen, O.	2016	CATEGORIES IN THE PIGEON BRAIN: A REVERSE ENGINEERING APPROACH	Journal of the Experimental Analysis of Behavior 105 111-122		endnote	
endnote-7.341245210444206e+18	Kohel, S. L.	2009	The role of categorization and goal compatibility, relative power, and relative status on intergroup attitudes between various racial/ethnic groups in the United States	Dissertation Abstracts International: Section B: The Sciences and Engineering 70 1382		endnote	
endnote-3.280276637460611e+18	Krochik, M. & Jost, J. T.	2011	Ideological Conflict and Polarization A Social Psychological Perspective	Intergroup Conflicts and Their Resolution: A Social Psychological Perspective 145-174		endnote	
endnote-4.543644776239192e+18	Kunst, J. R. & Thomsen, L.	2015	Prodigal Sons: Dual Abrahamic Categorization Mediates the Detrimental Effects of Religious Fundamentalism on Christian–Muslim Relations	International Journal for the Psychology of Religion 25 293-306		endnote	
endnote-1.057092016207684e+19	Large, M. E., Kiss, I. & McMullen, P. A.	2004	Electrophysiological correlates of object categorization: back to basics	Cognitive Brain Research 20 415-426		endnote	
endnote-1.078441892271321e+19	Lášticová, B.	2006	Identification with large scale social categories: A social psychology perspective	Sociologia 38 546-561		endnote	
endnote-1.8210372565125802e+19	Lecci, L. & Myers, B.	2009	The unseen role of juror bias: Implications and alternatives	Handbook of Social Justice 81-102 		endnote	
endnote-7.077859304484893e+18	Lecci, L. & Myers, B.	2012	The unseen role of juror bias: Implications and alternatives	Psychology of Bias 123-152 		endnote	
endnote-1.1121719210892235e+19	Lee, A. K.	2006	Investigating the influence of mortality salience, worldview threat and group identity on perceptions of ingroup and outgroup targets	Dissertation Abstracts International: Section B: The Sciences and Engineering 66 4535		endnote	
endnote-1.482949695683199e+18	Leonardelli, G. J.	2003	Smaller can be better: Minority affirmation in intergroup relations	Dissertation Abstracts International: Section B: The Sciences and Engineering 63 3516		endnote	
endnote-2.7749027718058516e+18	Levy, A., Saguy, T., Halperin, E., van Zomeren, M. & Social, P.	2017	Bridges or barriers? Conceptualization of the role of multiple identity gateway groups in intergroup relations	VOLUME=8;ISSN=1664-1078;TITLE=Frontiers in Psychology 		endnote	
endnote-1.4179480856168858e+19	Lidskog, M., Lofmark, A. & Ahlstrom, G.	2009	"Learning about each other: Students' conceptions before and after interprofessional education on a training ward": Erratum	Journal of Interprofessional Care 23 108		endnote	
endnote-1.2870913674963237e+19	Lipponen, J., Helkama, K., Olkkonen, M. E. & Juslin, M.	2005	Predicting the different profiles of organizational identification: A case of shipyard subcontractors	Journal of Occupational and Organizational Psychology 78 97-112		endnote	
endnote-1.7022259207124992e+16	Lipponen, J., Wisse, B. & Jetten, J.	2016	The different paths to post-merger identification for employees from high and low status pre-merger organizations	Journal of Organizational Behavior No-Specified		endnote	
endnote-1.7016921591410512e+19	Liu, J.	2001	Young children's novel word acquisition at the superordinate level: Sensitivity to multiple exemplars and object representation	Dissertation Abstracts International: Section B: The Sciences and Engineering 61 4440		endnote	
endnote-1.6273395297151891e+19	Liu, L. & Kager, R.	2016	Enhanced music sensitivity in 9-month-old bilingual infants	Cognitive Processing No-Specified		endnote	
endnote-3.116152296671955e+18	Lubensky, M. E.	2005	An unplanned trade-off? The potential conflict between reducing prejudice and supporting engagement in collective action	Dissertation Abstracts International: Section B: The Sciences and Engineering 65 6708		endnote	
endnote-7.344960297630329e+18	Łupina-Wegener, A. A., Schneider, S. C. & van Dick, R.	2011	Different experiences of socio-cultural integration: A European merger in Mexico	Journal of Organizational Change Management 24 65-89		endnote	
endnote-3.713264526116168e+17	Ma, G., Wang, Y. & Wu, L.	2016	Subspace ensemble learning via totally-corrective boosting for gait recognition	Neurocomputing: An International Journal No-Specified		endnote	
endnote-1.393736226143775e+19	Mähönen, T. A. & Jasinskaja-Lahti, I.	2015	The ironic effect of national identification on support for collective action	European Journal of Social Psychology 45 567-574		endnote	
endnote-6.212730667845247e+18	Margolis, S. L.	1998	Organizational identity, future organizational images, and the construction of organizational identification in a merger environment	Dissertation Abstracts International Section A: Humanities and Social Sciences 59 2100		endnote	
endnote-1.2662604553265664e+19	Martin, C. L., Cook, R. E. & Andrews, N. C. Z.	2016	Reviving androgyny: A modern day perspective on flexibility of gender identity and behavior	Sex Roles No-Specified		endnote	
endnote-1.089786636221384e+19	Martinovic, B. & Verkuijten, M.	2014	The political downside of dual identity: Group identifications and religious political mobilization of Muslim minorities	VOLUME=53;ISSUE=4;STARTPAGE=711;ISSN=0144-6665;TITLE=British Journal of Social Psychology 		endnote	
endnote-1.4090643923770614e+18	Martinovic, B. & Verkuyten, M.		The political downside of dual identity: Group identifications and religious political mobilization of Muslim minorities	British Journal of Social Psychology 53 711-730		endnote	
endnote-9.37311911551709e+18	Mashuri, A., Zaduqisti, E., Alroy-Thiberge, D., Social & Organizational, P.	2017	The role of dual categorization and relative ingroup prototypicality in reparations to a minority group: An examination of empathy and collective guilt as mediators	VOLUME=20;ISSUE=1;STARTPAGE=33;ENDPAGE=44;ISSN=1467-839X;TITLE=Asian Journal of Social Psychology 		endnote	
endnote-8.426017494437493e+18	Massiah, C. A.	2007	You and me make we: An exploration of consumer nested identities	Dissertation Abstracts International Section A: Humanities and Social Sciences 68 1563		endnote	
endnote-4.488059639689468e+18	Mazur, L. B.	2016	Polish-Ukrainian relations in the shadow of soviet victimization: The role of similarity judgments and acknowledgment of victimhood	Dissertation Abstracts International: Section B: The Sciences and Engineering 77 No-Specified		endnote	
endnote-1.2000832681033239e+19	McLallen, P. J.	2017	Social identities and the conditions for work engagement in South African NGOs	Dissertation Abstracts International: Section B: The Sciences and Engineering 77 No-Specified		endnote	
endnote-2.561515045519968e+18	Melewar, T. C. & Karaosmanoglu, E.	2006	Seven dimensions of corporate identity - A categorisation from the practitioners' perspectives	European Journal of Marketing 40 846-869		endnote	
endnote-5.753875920717173e+18	Mendoza-Denton, R., Downey, G. & Pietrzak, J.	2008	Distinguishing institutional identification from academic goal pursuit: Interactive effects of ethnic identification and race-based rejection sensitivity	Journal of Personality and Social Psychology 95 338-351		endnote	
endnote-1.2006119936737737e+19	Menon, A. R.	2014	Essays on cognition in strategy	Dissertation Abstracts International Section A: Humanities and Social Sciences 75 No-Specified		endnote	
endnote-1.2511563790514833e+19	Minor, M.	2010	Consumer Strategies for Regaining Optimal Distinctiveness	40-41		endnote	
endnote-1.7089306364635884e+19	Mojapelo-Batka, E. M.	2009	Interracial couples within the South African context: Experiences, perceptions and challenges	Dissertation Abstracts International: Section B: The Sciences and Engineering 69 7190		endnote	
endnote-1.1789950022178556e+19	Monteiro, M. B., Guerra, R. & Rebelo, M.	2013	Reducing prejudice: Common ingroup and dual identity in unequal status intergroup encounters	Intergroup Misunderstandings Impact of Divergent Social Realities 273-290 		endnote	
endnote-7.340879837082434e+18	Moss, S. M.	2016	Identity hierarchy within the sudanese superordinate identity: Political leadership promoting and demoting subordinate groups	Political Psychology No-Specified		endnote	
endnote-1.8262116572315662e+19	Moss, S. M. & Vollhardt, J. R.	2015	"you can't give a syringe with unity": Rwandan responses to the government's single recategorization policies	Analyses of Social Issues and Public Policy (ASAP) No-Specified		endnote	
endnote-1.6816832197416245e+19	Mudar, R. A., Chiang, H. S., Eroh, J., Nguyen, L. T., Maguire, M. J., Spence, J. S., Kung, F., Kraut, M. A. & Hart, J.	2016	The Effects of Amnestic Mild Cognitive Impairment on Go/NoGo Semantic Categorization Task Performance and Event-Related Potentials	Journal of Alzheimers Disease 50 577-590		endnote	
endnote-1.80617723193614e+19	Mulford, M., Jackson, J. & Svedsäter, H.	2008	Encouraging cooperation: Revisiting solidarity and commitment effects in Prisoner s Dilemma games	Journal of Applied Social Psychology 38 2964-2989		endnote	
endnote-5.690834560984465e+18	Munusamy, V. P.	2009	Decoding the meaning of multiculturalism: An international study of Malaysia, Singapore and Hawai'i	Dissertation Abstracts International Section A: Humanities and Social Sciences 70 616		endnote	
endnote-1.5788910091216577e+19	Murphy, R. A., Schmeer, S., Vallée-Tourangeau, F., Mondragón, E. & Hilton, D.	2011	Making the illusory correlation effect appear and then disappear: The effects of increased learning	Quarterly Journal of Experimental Psychology 64 24-40		endnote	
endnote-4.896843794141985e+18	Nakashima, K. i., Isobe, C., Souma, T. & Ura, M.	2013	Asymmetric effect of in-group social values on identity with common-identity and common-bond in-groups	Japanese Journal of Psychology 84 162-168		endnote	
endnote-4.74600556854204e+18	Napel-Schutz, M. C., Abma, T. A., Bamelis, L. L. M. & Arntz, A.	2016	How to train experienced therapists in a new method: A qualitative study into therapists' views	Clinical Psychology & Psychotherapy No-Specified		endnote	
endnote-3.5106095076415263e+18	Neff, K. D.	2016	"The Self-Compassion Scale is a valid and theoretically coherent measure of self-compassion": Erratum	Mindfulness 7 1009		endnote	
endnote-9.4453793410429e+18	Ng Tseung-Wong, C. & Verkuijten, M.	2015	Multiculturalism, Mauritian Style: Cultural Diversity, Belonging, and a Secular State	VOLUME=59;ISSUE=6;STARTPAGE=679;ISSN=0002-7642;TITLE=The American behavioral scientist 		endnote	
endnote-1.2446652089366333e+19	Nicolas, G., la Fuente, M. & Fiske, S. T.	2017	Mind the overlap in multiple categorization: A review of crossed categorization, intersectionality, and multiracial perception	Group Processes and Intergroup Relations 20 621-631		endnote	
endnote-1.693592084895229e+19	Nicolas, G., la Fuente, M. d. & Fiske, S. T.	2017	Mind the overlap in multiple categorization: A review of crossed categorization, intersectionality, and multiracial perception	Group Processes & Intergroup Relations 20 621-631		endnote	
endnote-3.8249437684247224e+18	Ning Shen, K.	2011	Identification vs. self-verification in virtual communities (VC): Theoretical gaps and design implications	Virtual Community Building and the Information Society: Current and Future Directions 208-236 		endnote	
endnote-5.844739004498809e+18	Noemi Zsuzsanna, M., Eszter, V. & Zsolt Peter, S.	2017	Instable identity the psychological effects of collective victim consciousness	Serulekeny identitas a kollektiv aldozati tudat pszichologiai hatasai. 72 345-379		endnote	
endnote-7.813332204070535e+18	O’Brien, J. D. & Stangor, C.	2013	Social psychological approaches to understanding small-group diversity: The flexibility of cognitive representations	Stereotyping and Prejudice 205-228 		endnote	
endnote-1.2806096928538042e+19	O'Neill, S., Corry, C., McFeeters, D., Murphy, S. C. & Bunting, B.	2016	Suicide in Northern Ireland. An analysis of gender differences in demographic, psychological, and contextual factors	Crisis 37 13-20		endnote	
endnote-3.0569590771447173e+18	Oldmeadow, J. A., Platow, M. J., Foddy, M. & Anderson, D.	2003	Self categorization, status, and social influence	Special Issue: Social identity: Sociological and social psychological perspectives. 66 138-152		endnote	
endnote-9.468972404419525e+18	Olson, M.	2004	Reducing automatically-activated racial prejudice through implicit evaluative conditioning	Dissertation Abstracts International: Section B: The Sciences and Engineering 65 1074		endnote	
endnote-1.3445092943427076e+19	Patterson, M. M.	2008	Negotiating (NON) normality: Effects of consistency between views of one's self and one's social group	Dissertation Abstracts International: Section B: The Sciences and Engineering 68 8430		endnote	
endnote-1.343354791038367e+19	Percy, V. E.	2008	Understanding identity and psychosocial functioning through the lived experiences of African American collegiate athletes participating in revenue producing sports: A hermeneutic phenomenological approach	Dissertation Abstracts International Section A: Humanities and Social Sciences 68 4980		endnote	
endnote-1.4328635162843232e+19	Pereira, A., Green, E. G. R. & Visintin, E. P.	2017	National identification counteracts the sedative effect of positive intergroup contact on ethnic activism	Frontiers in Psychology 8 		endnote	
endnote-1.7855507626958027e+19	Phinney, J. S. & Alipuria, L. L.	2006	Multiple social categorization and identity among multiracial, multiethnic, and multicultural individuals: Processes and implications	Multiple Social Categorization: Processes, Models, and Applications 211-238 		endnote	
endnote-1.810375348386448e+19	Pickett, C. L.	2000	The role of assimilation and differentiation needs in the perception and categorization of ingroup and outgroup members	Dissertation Abstracts International: Section B: The Sciences and Engineering 60 4306		endnote	
endnote-2.243203234130045e+18	Pollick, F. E., Lestou, V., Ryu, J. & Cho, S. B.	2002	Estimating the efficiency of recognizing gender and affect from biological motion	Vision Research 42 2345-2355		endnote	
endnote-1.5912853267492794e+19	Pontana, F., Billard, A. S., Duhamel, A., Schmidt, B., Faivre, J. B., Hachulla, E., Matran, R., Remy, J. & Remy-Jardin, M.	2016	Effect of Iterative Reconstruction on the Detection of Systemic Sclerosis-related Interstitial Lung Disease: Clinical Experience in 55 Patients	Radiology 279 297-305		endnote	
endnote-1.4587508211289805e+19	Postmes, T., Spears, R., Lee, A. T., Novak, R. J. & Interpersonal, b.	2005	Individuality and social influence in groups: Inductive and deductive routes to group identity	VOLUME=89;ISSUE=5;STARTPAGE=747;ENDPAGE=763;ISSN=0022-3514;TITLE=Journal of personality and social psychology 		endnote	
endnote-9.970656720518427e+18	Pratt, M. G., Fiol, C. M., O'Connor, E. J. & Panico, P.	2012	Promoting positive change in Physician-Administrator relationships: The importance of identity security in managing intractable identity conflicts	Using a Positive Lens to Explore Social Change and Organizations: Building a Theoretical and Research Foundation 267-288 		endnote	
endnote-1.8430287981003436e+19	Sinervo, B., Rabosky, A. R. D., Corl, A., Liwanag, H. E. M. & Surget-Groba, Y.	2012	Direct Fitness Correlates and Thermal Consequences of Facultative Aggregation in a Desert Lizard	Figshare 		endnote	
endnote-1.3387885294775126e+19	Rakić, T., Steffens, M. C. & Mummendey, A.	2011	Blinded by the Accent! The Minor Role of Looks in Ethnic Categorization	Journal of Personality and Social Psychology 100 16-29		endnote	
endnote-1.2730163257397193e+19	Renaud, J. M.	2003	Subtyping and subgrouping: Antecedents and consequences of the recategorization of counterstereotypic targets	Dissertation Abstracts International: Section B: The Sciences and Engineering 64 2444		endnote	
endnote-2.5957336871847424e+18	Reysen, S., Plante, C. N., Roberts, S. E. & Gerbasi, K. C.	2015	Optimal distinctiveness and identification with the furry fandom	Current Psychology: A Journal for Diverse Perspectives on Diverse Psychological Issues No-Specified		endnote	
endnote-8.491987865965713e+18	Rhodes, M., Leslie, S. J., Bianchi, L. & Chalik, L.	2018	The Role of Generic Language in the Early Development of Social Categorization	Child Development 89 148-155		endnote	
endnote-1.208665787145421e+19	Riek, B. M.	2007	Does a common ingroup identity reduce intergroup threat?	Dissertation Abstracts International: Section B: The Sciences and Engineering 68 3452		endnote	
endnote-1.637621595989499e+19	Rizzolo, G. S.	2010	Rethinking Tavistock: Enactment, the Analytic Third, and the Implications for Group Relations	30 13		endnote	
endnote-6.893926640866038e+18	Rodrïguez, A., Betancor, V., Rodríguez, R., Quiles, M. N., Delgado, N. & Coello, E.	2005	The efffects of identities with different levels of inclusion in prejudice towards outgroups	Psicothema 17 441-446		endnote	
endnote-6.142282790178038e+18	Roman, L. D., Muderspach, L. I., Stein, S. M., LaiferNarin, S., Groshen, S. & Morrow, C. P.	1997	Pelvic examination, tumor marker level, and gray-scale and Doppler sonography in the prediction of pelvic cancer	Obstetrics and Gynecology 89 493-500		endnote	
endnote-1.1353142166852637e+19	Rust, M. C.	1998	Social identity and social categorization			endnote	
endnote-1.786027377602088e+19	Sandstrom, M. J., Deutz, M. H. F., Lansu, T. A. M., van Noorden, T. H. J., Karremans, J. C. & Cillessen, A. H. N.	2016	Unanimous versus partial rejection: How the number of excluders influences the impact of ostracism in children	Aggressive Behavior No-Specified		endnote	
endnote-3.038258172838816e+18	Santos, H., Tan, X. & Salomon, R.	2016	Heterogeneity in perinatal depression: How far have we come? A systematic review	Archives of Women's Mental Health No-Specified		endnote	
endnote-1.532154853440245e+19	Saunders, B.	2009	The white sheep hypothesis: When in-group members display positive but normatively out-group behavior	Dissertation Abstracts International: Section B: The Sciences and Engineering 69 5835		endnote	
endnote-8.271517320067514e+18	Schaefer, C. D. & Simon, B.	2016	Opportunities for immigrants' acculturation and identification varieties	Political Psychology No-Specified		endnote	
endnote-1.3319408979143784e+19	Scheffer, I. E. & Berkovic, S. F.	2010	"Copy number variants-An unexpected risk factor for the idiopathic generalized epilepsies." Erratum	Brain: A Journal of Neurology 133 3484		endnote	
endnote-1.000894454231692e+19	Schmid, K. & Hewstone, M.	2011	Social identity complexity: Theoretical implications for the social psychology of in tergroup relations	Social Cognition Social Identity and Intergroup Relations 77-102 		endnote	
endnote-9.077782599262669e+18	Schmitt, M. T., Branscombe, N. R., Silvia, P. J., Garcia, D. M., Spears, R. & Interpersonal, b.	2006	Categorizing at the group-level in response to intragroup social comparisons: A self-categorization theory integration of self-evaluation and social identity motives	VOLUME=36;ISSUE=3;STARTPAGE=297;ENDPAGE=314;ISSN=0046-2772;TITLE=European Journal of Social Psychology 		endnote	
endnote-4.574476260244275e+18	Schumpe, B. M. & Erb, H. P.	2015	Humans and uniqueness	Science Progress 98 		endnote	
endnote-2.385867805880269e+18	Schwämmlein, E. & Wodzicki, K.	2012	What to tell about me? Self-presentation in online communities	Journal of Computer-Mediated Communication 17 387-407		endnote	
endnote-1.019471607181087e+19	Shaules, D. P.	2011	Galatians and social identity theory	Dissertation Abstracts International Section A: Humanities and Social Sciences 72 2030		endnote	
endnote-2.0813861638053478e+18	She, L.	1998	Intergroup discrimination in crossed social categorization situations: Impact of group status and group size	Dissertation Abstracts International: Section B: The Sciences and Engineering 58 6284		endnote	
endnote-1.1409648300497938e+19	Sibey, C. G.	2013	Social dominance and representations of the national prototype: The exclusionary emphasis hypothesis of national character	International Journal of Intercultural Relations 37 212-224		endnote	
endnote-5.087195218261242e+18	Simon, B.	2011	Collective identity and political engagement			endnote	
endnote-4.2064547615019356e+18	Sinervo, B., Davis Rabosky, A. R., Corl, A., Liwanag, H. E. M. & Surget-Groba, Y.	2012	Table_S2.doc	Figshare 		endnote	
endnote-1.755968517206962e+19	Sinervo, B., Davis Rabosky, A. R., Corl, A., Liwanag, H. E. M. & Surget-Groba, Y.	2012	Table_S1.doc	Figshare 		endnote	
endnote-1.440572204923229e+19	Sinervo, B., Davis Rabosky, A. R., Corl, A., Liwanag, H. E. M. & Surget-Groba, Y.	2012	Figure_S1.tif	Figshare 		endnote	
endnote-1.2556014610449605e+19	Sinervo, B., Davis Rabosky, A. R., Corl, A., Liwanag, H. E. M. & Surget-Groba, Y.	2012	Figure_S2.tif	Figshare 		endnote	
endnote-9.008384799539225e+18	Sinervo, B., Davis Rabosky, A. R., Corl, A., Liwanag, H. E. M. & Surget-Groba, Y.	2012	Figure_S4.tif	Figshare 		endnote	
endnote-8.83731538691672e+17	Sinervo, B., Davis Rabosky, A. R., Corl, A., Liwanag, H. E. M. & Surget-Groba, Y.	2012	Figure_S3.tif	Figshare 		endnote	
endnote-7.432280913792811e+18	Sinervo, B., Davis Rabosky, A. R., Corl, A., Liwanag, H. E. M. & Surget-Groba, Y.	2012	Figure_S5.tif	Figshare 		endnote	
endnote-5.315331406039118e+18	Siouta, E., Hellstrom Muhli, U., Hedberg, B., Brostrom, A., Fossum, B. & Karlgren, K.	2015	Patients' experiences of communication and involvement in decision-making about atrial fibrillation treatment in consultations with nurses and physicians	Scandinavian Journal of Caring Sciences No-Specified		endnote	
endnote-1.634808371742087e+19	Zhang, J. J., Campbell, C., Levine, M., Slater, M., Swapp, D., Rovira, A. & Southern, R.	2013	Bystander Responses to a Violent Incident in an Immersive Virtual Environment	Figshare 1 		endnote	
endnote-1.4807107414337475e+18	Smetáčková, I.	2016	Feminine and masculine labels: The influence on prestige	Gender, Rovne Prilezitosti, Vyzkum 17 81-92		endnote	
endnote-9.52837836955854e+18	Smith, P. K.	2005	You focus on the forest when you're in charge of the trees: The effect of power priming on information processing	Dissertation Abstracts International: Section B: The Sciences and Engineering 65 4901		endnote	
endnote-1.3230215340598297e+19	Smith, P. K. & Trope, Y.	2005	You focus on the forest when you're in charge of the trees: Power priming and abstract information processing	43		endnote	
endnote-1.7219861812840933e+19	Soliz, J. E.	2004	Shared family identity, age salience, and intergroup contact: Investigation of the grandparent -grandchild relationship	Ph.D. University of Kansas		endnote	
endnote-1.251142191835958e+19	Song, P. J. & Phang, C. W.	2016	Promoting Continuance Through Shaping Members' Social Identity in Knowledge-Based Versus Support/Advocacy Virtual Communities	Ieee Transactions on Engineering Management 63 16-26		endnote	
endnote-1.4954967785057362e+18	Song, Y.	2010	Perceptions of the adult son/husband's mediation styles in Chinese mother/daughter-in-law conflicts	Dissertation Abstracts International Section A: Humanities and Social Sciences 71 772		endnote	
endnote-6.193033968155386e+18	Spangenberg, E. R., Kareklas, I., Devezer, B. & Sprott, D. E.	2015	A meta-analytic synthesis of the question-behavior effect	Journal of Consumer Psychology No-Specified		endnote	
endnote-8.939573858952147e+18	Spillner, A., Moulton, V., Volkmann, L., Mooers, A. O. & Martyn, I.	2014	Prioritizing Populations for Conservation Using Phylogenetic Networks	Figshare 		endnote	
endnote-2.96871761251952e+18	Spyker, M.	2013	Experiences of identity crises: Perspectives from East Asian American lesbians	Dissertation Abstracts International: Section B: The Sciences and Engineering 74 No-Specified		endnote	
endnote-1.5674614668317964e+19	Stachowicz, T. L.	2015	Melungeon portraits: Lived experience and identity	Dissertation Abstracts International: Section B: The Sciences and Engineering 76 No-Specified		endnote	
endnote-9.63009388385671e+18	Stangor, C.	 2016	Social groups in action and interaction, Second edition			endnote	
endnote-8.859303830833439e+18	Steffens, M. C., Reese, G., Ehrke, F., Jonas, K. J., Fpn, W. S. P., II & Section Applied Social, P.	2017	When does activating diversity alleviate, when does it increase intergroup bias?: An ingroup projection perspective	VOLUME=12;ISSUE=6;ISSN=1932-6203;TITLE=PLoS One 		endnote	
endnote-8.701602214754933e+18	Stenstrom, D. M., Urada, D. I. & Miller, N.	2006	Crossed categorization beyond the two-group model	220-221		endnote	
endnote-4.817871040591073e+18	Strebinger, A., Guo, X., Klauser, F. & Grant-Hay, P.	2018	Is multi-ethnic advertising a globally viable strategy for a Western luxury car brand? A mixed-method cross-cultural study	Journal of Business Research 82 409-416		endnote	
endnote-5.3006263702769664e+17	Strecker, A. & Olden, J.	2013	Fish species introductions provide novel insights into the patterns and drivers of phylogenetic structure in freshwaters	TreeBASE 		endnote	
endnote-1.2780612087372521e+19	Svedin, L. M.	 2013	Organizational cooperation in crises			endnote	
endnote-1.6828233049939458e+19	Swaab, R. I., Postmes, T., Spears, R. & Sociale, P.	2008	Identity formation in multiparty negotiations	VOLUME=47;ISSUE=1;STARTPAGE=167;ENDPAGE=187;ISSN=0144-6665;TITLE=British Journal of Social Psychology 		endnote	
endnote-1.7289302724390377e+19	Thomas, M. A.	2013	Optimally distinct gendered others: Varying domains of acceptable deviations from uniform stereotypicality	Dissertation Abstracts International: Section B: The Sciences and Engineering 73 No-Specified		endnote	
endnote-2.422914227948767e+18	Transue, J. E.	2002	Identity and support for racial equality	Dissertation Abstracts International Section A: Humanities and Social Sciences 62 2558		endnote	
endnote-1.4193742523532042e+18	Ufkes, E. G., Calcagno, J., Glasford, D. & Dovidio, J. F.	2016	Understanding how common ingroup identity undermines collective action among disadvantaged-group members	VOLUME=63;STARTPAGE=26;ENDPAGE=35;ISSN=0022-1031;TITLE=Journal of experimental social psychology 		endnote	
endnote-6.779244300394953e+18	Ufkes, E. G., Otten, S., Van der Zee, K. I., Giebels, E., Dovidio, J. F. & Interpersonal, b.	2012	Urban district identity as a common ingroup identity: The different role of ingroup prototypicality for minority and majority groups	VOLUME=42;ISSUE=6;STARTPAGE=706;ENDPAGE=716;ISSN=0046-2772;TITLE=European Journal of Social Psychology 		endnote	
endnote-7.000564907463621e+18	Ufkes, E. G., Otten, S., Zee, v. d. K. I., Giebels, E. & Dovidio, J. F.	2012	Urban district identity as a common ingroup identity: The different role of ingroup prototypicality for minority and majority groups	VOLUME=42;STARTPAGE=706;ENDPAGE=716;ISSN=0046-2772;TITLE=European journal of social psychology 		endnote	
endnote-3.963780995728941e+18	Ullrich, J.	2009	Reconsidering the "relative" in relative in-group prototypicality	European Journal of Social Psychology 39 299-310		endnote	
endnote-1.4048267937552255e+19	Ullrich, J.	2009	Reconsidering the &quot;relative&quot; in relative ingroup prototypicality	European Journal of Social Psychology 39 299-310		endnote	
endnote-1.4733183913053184e+17	Ullrich, J., Christ, O. & Schlueter, E.	2006	Merging on Mayday: Subgroup and superordinate identification as joint moderators of threat effects in the context of European Union's expansion	European Journal of Social Psychology 36 857-876		endnote	
endnote-4.138468083986123e+18	Ullrich, J., Christ, O. & Schlüter, E.	2006	Merging on Mayday: Subgroup and superordinate identification as joint moderators of threat effects in the context of European Union's expansion	European Journal of Social Psychology 36 857-876		endnote	
endnote-1.3444775382762832e+19	Urada, D. I.	2002	Social crossed categorization beyond the two-group model	Dissertation Abstracts International: Section B: The Sciences and Engineering 63 1092		endnote	
endnote-6.005837048252649e+18	Van Berkel, L.	2017	Social influence in subgroups from superordinate group polls	Dissertation Abstracts International: Section B: The Sciences and Engineering 78 No-Specified		endnote	
endnote-1.2122769768059204e+19	van den Bos, K., Lind, E. A., Bommete, J. & VandeVondele, S. D. J.	2015	Reminders of behavioral disinhibition increase public conformity in the Asch paradigm and behavioral affiliation with ingroup members	Frontiers in Psychology 6 		endnote	
endnote-5.85554504681489e+18	van Dick, R., Wagner, U. & Lemmer, G.	2004	Research note: The winds of change--Multiple identifications in the case of organizational mergers	European Journal of Work and Organizational Psychology 13 121-138		endnote	
endnote-2.9713091110854574e+18	van Stekelenburg, J., Sociology, Social, C. & Conflict	2013	The political psychology of protest: Sacrificing for a cause	VOLUME=18;ISSUE=4;STARTPAGE=224;ENDPAGE=234;ISSN=1016-9040;TITLE=European Psychologist 		endnote	
endnote-1.301486155826043e+18	Vasquez, E. A., Ensari, N., Pedersen, W. C., Yunzi Tan, R. & Miller, N.	2007	Personalization and differentiation as moderators of triggered displaced aggression towards out-group targets	European Journal of Social Psychology 37 297-319		endnote	
endnote-8.075451206746747e+17	Vedder, P. & Van Geel, M.	2012	Immigrant youth and discrimination	Contributions to Human Development 99-121		endnote	
endnote-6.385100751642065e+18	Verkuijten, M., Martinovic, B. & Smeekes, A.	2014	The multicultural jigsaw puzzle: Category indispensability and acceptance of immigrants' cultural rights	VOLUME=40;ISSUE=11;STARTPAGE=1480;ISSN=0146-1672;TITLE=Personality and Social Psychology Bulletin 		endnote	
endnote-1.6118893554854267e+19	Verkuyten, M.	2014	Identity and cultural diversity: What social psychology can teach us	Identity and cultural diversity: What social psychology can teach us. 		endnote	
endnote-2.788814840378192e+18	Verkuyten, M. & Martinovic, B.	2015	Dual identity, in-group projection, and out-group feelings among ethnic minority groups	European Journal of Social Psychology No-Specified		endnote	
endnote-1.66946280381834e+19	Verkuyten, M. J. A. M., Thijs, J. T. & Sociology/Ics	2010	Ethnic minority labeling, multiculturalism, and the attitude of majority group members	VOLUME=29;ISSUE=4;STARTPAGE=467;ENDPAGE=477;TITLE=Journal of Language and Social Psychology 		endnote	
endnote-1.153904088067119e+19	Vezzali, L., Drury, J., Versari, A. & Cadamuro, A.	2015	Sharing distress increases helping and contact intentions via social identification and inclusion of the other in the self: Children’s prosocial behaviour after an earthquake	Group Processes and Intergroup Relations 19 314-327		endnote	
endnote-3.331128968589347e+18	Vollhardt, J. R.		Inclusive victim consciousness in advocacy, social movements, and intergroup relations: Promises and pitfalls	Social Issues and Policy Review 9 89-120		endnote	
endnote-1.2538041520606632e+19	Wagner Hoa, A. L.	2010	The nature of bi-ethnic identity in young adults of Asian and European descent and their perceptions of familial influences on its development	Dissertation Abstracts International: Section B: The Sciences and Engineering 70 5872		endnote	
endnote-8.83513702092926e+18	Waldzus, S.	2009	The ingroup projection model	Intergroup Relations: The Role of Motivation and Emotion 41-60 		endnote	
endnote-6.84976945409537e+18	Waldzus, S., Mummendey, A. & Wenzel, M.	2005	When &quot;different&quot; means &quot;worse&quot;: In-group prototypicality in changing intergroup contexts	Journal of Experimental Social Psychology 41 76-83		endnote	
endnote-5.775174912928555e+18	Wang, J., Wang, L. & Yu, K.	2018	The different roles of relative ingroup prototypicality in the outgroup attitudes of majority and minority groups	Group Processes & Intergroup Relations 21 319-335		endnote	
endnote-1.2735012054614233e+19	Wang, M., Yang, C., Zhang, L. & Schaar, D. G.	2017	Molecular Mutations and Their Cooccurrences in Cytogenetically Normal Acute Myeloid Leukemia	Stem Cells International 2017 		endnote	
endnote-7.280865872416403e+18	Wänke, M., Bless, H. & Igou, E. R.	2001	Next to a star: Paling, shining, or both? Turning interexemplar contrast into interexemplar assimilation	Personality and Social Psychology Bulletin 27 14-29		endnote	
endnote-9.566833474088116e+18	Weber, U., Mummendey, A. & Waldzus, S.	2002	Perceived legitimacy of intergroup status differences: Its prediction by relative ingroup prototypicality	European Journal of Social Psychology 32 449-470		endnote	
endnote-9.954694105120645e+17	Welch, B. K.	2011	The effect of social capital and identity factors on latino/a business network success in new destination communities	Dissertation Abstracts International Section A: Humanities and Social Sciences 71 3443		endnote	
endnote-2.916890322551128e+18	Wenzel, M., Waldzus, S. & Steffens, M. C.	 2017	Ingroup Projection as a Challenge of Diversity: Consensus about and Complexity of Superordinate Categories			endnote	
endnote-7.332690695327355e+17	White, F. A., Abu-Rayya, H. M., Bliuc, A. M. & Faulkner, N.	2015	Emotion expression and intergroup bias reduction between Muslims and Christians: Long-term Internet contact	Computers in Human Behavior 53 435-442		endnote	
endnote-5.694700314834467e+18	White, W. G.	1979	Evaluating scaled score differences for the Bannatyne recategorization of the Wechsler subtests	Psychology in the Schools 16 174-177		endnote	
endnote-3.3524543752009503e+18	Wirtz, C., Doosje, B. & Sociale, P.	2013	Reactions to threatening critical messages from minority group members with shared or distinct group identities	VOLUME=43;ISSUE=1;STARTPAGE=50;ENDPAGE=61;ISSN=0046-2772;TITLE=European Journal of Social Psychology 		endnote	
endnote-1.0068002754011763e+19	Wohl, M. J., Giguère, B., Branscombe, N. R. & McVicar, D. N.	2011	One day we might be no more: Collective angst and protective action from potential distinctiveness loss	European Journal of Social Psychology 41 289-300		endnote	
endnote-1.942057661002793e+17	Wohl, M. J. A.	2004	The effect of social categorization and Holocaust salience on forgiveness and collective guilt assignment	Dissertation Abstracts International: Section B: The Sciences and Engineering 65 483		endnote	
endnote-4.578045357878868e+18	Wu, L., Gu, R., Cai, H. & Zhang, J.	2016	Electrophysiological evidence for executive control and efficient categorization involved in implicit self-evaluation	Social Neuroscience 11 153-163		endnote	
endnote-1.952309811451695e+18	Xu, Q.	2016	How Resilient a Refugee Community Could Be: The Vietnamese of New Orleans	Traumatology No-Specified		endnote	
endnote-4.538245078515759e+18	Yampolsky, M. A., Amiot, C. E. & de la Sablonnière, R.	2013	Multicultural identity integration and well-being: A qualitative exploration of variations in narrative coherence and multicultural identification	Frontiers in Psychology 4 		endnote	
endnote-1.5354037788841253e+19	Ye, B. H., Zhang, H. Q., Huawen Shen, J. & Goh, C.	2014	Does social identity affect residents’ attitude toward tourism development?: An evidence from the relaxation of the individual visit scheme	International Journal of Contemporary Hospitality Management 26 907-929		endnote	
endnote-1.2481419295488393e+19	Zhai, Y.	2017	Identity, contact, and the reduction of mutual distrust: a survey of Chinese and Japanese youth	Pacific Review 30 93-113		endnote	
endnote-1.3388194061781723e+19	Zhang, F., Yang, L., Song, X., Li, Y. N., Jiang, Y., Zhang, X. H., Ju, H. Y., Wu, J. & Chang, R. P.	2016	Feasibility study of low tube voltage (80 kVp) coronary CT angiography combined with contrast medium reduction using iterative model reconstruction (IMR) on standard BMI patients	British Journal of Radiology 89 		endnote	
endnote-1.6792033474401886e+19	Zhang, J. J., Campbell, C., Levine, M., Slater, M., Swapp, D., Rovira, A. & Southern, R.	2013	Text_S3.docx	Figshare 		endnote	
endnote-5.932669714027149e+18	Zhang, J. J., Campbell, C., Levine, M., Slater, M., Swapp, D., Rovira, A. & Southern, R.	2013	Table_S2.docx	Figshare 		endnote	
endnote-7.169318493122367e+18	Zhang, J. J., Campbell, C., Levine, M., Slater, M., Swapp, D., Rovira, A. & Southern, R.	2013	Text_S2.docx	Figshare 		endnote	
endnote-1.5927909343377832e+19	Zhang, J. J., Campbell, C., Levine, M., Slater, M., Swapp, D., Rovira, A. & Southern, R.	2013	Table_S1.docx	Figshare 		endnote	
endnote-9.635799199589253e+17	Zhang, J. J., Campbell, C., Levine, M., Slater, M., Swapp, D., Rovira, A. & Southern, R.	2013	Figure_S1.tif	Figshare 		endnote	
endnote-1.1273827587820667e+19	Zhang, J. J., Campbell, C., Levine, M., Slater, M., Swapp, D., Rovira, A. & Southern, R.	2013	Video_S1.mp4	Figshare 		endnote	
endnote-1.6818087484306586e+19	Zhong, C. B., Phillips, K. W., Leonardelli, G. J. & Galinsky, A. D.	2008	Negational categorization and intergroup behavior	Personality and Social Psychology Bulletin 34 793-806		endnote	
endnote-7.290986500894953e+18	Zhou, X. X., Li, X. H., Qin, H. L., Li, G. D., Huang, H. W., Liang, Y. Y., Liang, X. L. & Pu, X. Y.	2016	Diffusion tensor imaging of the extracorticospinal network in the brains of patients with Wilson disease	Journal of the Neurological Sciences 362 292-298		endnote	
endnote-9.467684279287534e+18	Zhu, H. & Yoshikawa, T.	2015	Contingent value of director identification: The role of government directors in monitoring and resource provision in an emerging economy	Strategic Management Journal No-Specified		endnote	
endnote-9.19493356963599e+18	Zook, G. A.	2017	Leadership understandings of organizational effectiveness: An exploration within the context of faith-based international nongovernment organizations	Dissertation Abstracts International Section A: Humanities and Social Sciences 77 No-Specified		endnote	
endnote-8.862276421596604e+18	Zou, L. H., Liu, J. P., Zhang, H., Wu, S. B. & Ji, B. Y.	2016	Cerebral Metabolic Profiling of Hypothermic Circulatory Arrest with and Without Antegrade Selective Cerebral Perfusion: Evidence from Nontargeted Tissue Metabolomics in a Rabbit Model	Chinese Medical Journal 129 702-+		endnote	
